{"sane": true, "normalizes": true, "range": true, "log_prob": -958.7963785165921, "avg_log_prob": -1.917592757033184, "perplexity": 6.804558512248793}